rung,Cre,Cim,Cabs
1,1.063005805015564,3.992318475809498e-9,1.063005805015564
2,0.08550365269184113,-2.4958302091704354e-9,0.08550365269184117
3,-0.061223987489938736,-9.548919877033768e-9,0.06122398748993948
4,-0.036145035177469254,4.700105193933268e-9,0.03614503517746956
5,0.011204645037651062,-7.49363771035405e-9,0.011204645037653569
6,0.009386950172483921,-1.0131932626222806e-8,0.009386950172489389
7,-0.0017534620128571987,7.236425680900993e-9,0.0017534620128721308
8,-0.0005877329967916012,6.485200820804948e-9,0.0005877329968273809
